CustomerID;Gender;Age;Annual_Income;Work_Experience
1;Male;19;15000;1
2;Male;21;35000;1
3;Female;20;86000;1
4;Female;23;59000;0
5;Female;31;38000;1
6;Female;22;58000;0
7;Female;35;31000;1
8;Female;23;84000;1
9;Male;64;97000;0
10;Female;30;98000;1
11;Male;67;7000;1
12;Female;35;93000;1
13;Female;58;80000;0
14;Female;24;91000;1
15;Male;37;19000;0
16;Male;22;51000;1
17;Female;35;29000;1
18;Male;20;89000;1
19;Male;52;20000;1
20;Female;35;62000;0
21;Male;35;96000;1
22;Male;25;4000;1
23;Female;46;42000;1
24;Male;31;71000;1
25;Female;54;67000;1
26;Male;29;52000;1
27;Female;45;68000;1
28;Male;35;78000;1
29;Female;40;18000;0
30;Female;23;20000;1
31;Male;60;39000;0
32;Female;21;34000;1
33;Male;53;59000;1
34;Male;18;62000;1
35;Female;49;91000;1
36;Female;21;95000;1
37;Female;42;14000;1
38;Female;30;62000;1
39;Female;36;9000;1
40;Female;20;69000;1
41;Female;65;25000;1
42;Male;24;85000;0
43;Male;48;22000;1
44;Female;31;33000;1
45;Female;49;72000;1
46;Female;24;3000;1
47;Female;50;52000;0
48;Female;27;71000;1
49;Female;29;78000;0
50;Female;31;25000;1
51;Female;49;88000;1
52;Male;33;97000;1
53;Female;31;74000;1
54;Male;59;68000;0
55;Female;50;18000;1
56;Male;47;95000;1
57;Female;51;71000;1
58;Male;69;8000;1
59;Female;27;57000;1
60;Male;53;89000;1
61;Male;70;84000;0
62;Male;19;50000;1
63;Female;67;50000;0
64;Female;54;48000;1
65;Male;63;63000;1
66;Male;18;9000;0
67;Female;43;3000;0
68;Female;68;82000;1
69;Male;19;81000;0
70;Female;32;97000;1
71;Male;70;91000;1
72;Female;47;9000;1
73;Female;60;44000;0
74;Female;60;10000;1
75;Male;59;89000;0
76;Male;26;49000;0
77;Female;45;67000;0
78;Male;40;99000;1
79;Female;23;97000;1
80;Female;49;98000;1
81;Male;57;52000;0
82;Male;38;61000;1
83;Male;67;120000;1
84;Female;46;34000;1
85;Female;21;24000;1
86;Male;48;31000;1
87;Female;55;11000;0
88;Female;22;55000;1
89;Female;34;76000;1
90;Female;50;56000;0
91;Female;68;46000;0
92;Male;18;36000;1
93;Male;48;88000;1
94;Female;40;31000;1
95;Female;32;24000;0
96;Male;24;80000;1
97;Female;47;2000;0
98;Female;27;67000;0
99;Male;48;58000;1
100;Male;20;80000;1
101;Female;23;65000;0
102;Female;49;4000;1
103;Male;67;98000;0
104;Male;26;52000;0
105;Male;49;86000;1
106;Female;21;82000;1
107;Female;66;43000;1
108;Male;54;78000;1
109;Male;68;13000;1
110;Male;66;13000;1
111;Male;65;34000;1
112;Female;19;25000;0
113;Female;38;71000;1
114;Male;19;2000;1
115;Female;18;97000;0
116;Female;19;51000;1
117;Female;63;9000;1
118;Female;49;79000;0
119;Female;51;84000;1
120;Female;50;87000;1
121;Male;27;36000;0
122;Female;38;50000;1
123;Female;40;97000;1
124;Male;39;6000;1
125;Female;23;12000;1
126;Female;31;46000;1
127;Male;43;89000;0
128;Male;40;4000;0
129;Male;59;38000;0
130;Male;38;64000;1
131;Male;47;66000;1
132;Male;39;26000;0
133;Female;25;41000;1
134;Female;31;45000;1
135;Male;20;89000;1
136;Female;29;92000;1
137;Female;44;76000;1
138;Male;32;85000;1
139;Male;19;22000;1
140;Female;35;15000;1
141;Female;57;32000;0
142;Male;32;66000;0
143;Female;28;62000;1
144;Female;32;85000;1
145;Male;25;71000;0
146;Male;28;26000;1
147;Male;48;52000;1
148;Female;32;38000;1
149;Female;34;51000;1
150;Male;34;90000;1
151;Male;43;30000;0
152;Male;39;41000;0
153;Female;44;17000;0
154;Female;38;92000;1
155;Female;47;80000;0
156;Female;27;10000;1
157;Male;37;16000;1
158;Female;30;87000;1
159;Male;34;66000;1
160;Female;30;86000;1
161;Female;56;9000;1
162;Female;29;50000;1
163;Male;19;35000;0
164;Female;31;58000;1
165;Male;50;47000;0
166;Female;36;54000;1
167;Male;42;79000;1
168;Female;33;83000;0
169;Female;36;57000;0
170;Male;32;0;1
171;Male;40;69000;1
172;Male;28;4000;0
173;Male;36;79000;0
174;Male;36;99000;1
175;Female;52;20000;0
176;Female;30;28000;1
177;Male;58;29000;1
178;Male;27;45000;1
179;Male;59;86000;1
180;Male;35;42000;1
181;Female;37;59000;1
182;Female;32;61000;1
183;Male;46;11000;1
184;Female;29;66000;1
185;Female;41;39000;1
186;Male;30;72000;1
187;Female;54;14000;1
188;Male;28;44000;1
189;Female;41;76000;1
190;Female;36;95000;1
191;Female;34;92000;1
192;Female;32;98000;1
193;Male;33;96000;1
194;Female;38;45000;1
195;Female;47;8000;1
196;Female;35;46000;1
197;Female;45;78000;0
198;Male;32;4000;1
199;Male;32;81000;1
200;Male;30;33000;1
201;Female;21;40000;0
202;Male;34;85000;1
203;Female;16;60000;1
204;Female;76;60000;1
205;Female;62;63000;0
206;Female;63;10000;1
207;Female;19;55000;0
208;Male;46;93000;1
209;Female;48;15000;0
210;Female;80;39000;1
211;Female;1;57000;1
212;Female;0;22000;1
213;Male;86;12000;1
214;Male;49;50000;1
215;Male;48;95000;1
216;Female;46;66000;1
217;Male;79;20000;1
218;Female;83;35000;1
219;Female;66;71000;1
220;Female;59;76000;1
221;Female;39;84000;1
222;Female;95;72000;1
223;Male;43;33000;1
224;Female;93;93000;1
225;Female;40;83000;1
226;Female;78;23000;1
227;Female;25;40000;1
228;Male;76;89000;1
229;Male;0;33000;1
230;Male;15;94000;1
231;Female;6;93000;1
232;Male;84;7000;0
233;Female;67;18000;0
234;Female;78;3000;0
235;Female;4;84000;1
236;Female;29;62000;0
237;Male;91;9000;1
238;Male;95;36000;0
239;Male;55;37000;1
240;Female;14;50000;1
241;Male;92;83000;1
242;Female;65;79000;0
243;Female;84;40000;1
244;Female;77;47000;0
245;Female;53;4000;0
246;Female;28;38000;1
247;Male;23;0;1
248;Female;32;7000;1
249;Female;37;41000;1
250;Female;89;65000;0
251;Male;80;20000;1
252;Female;27;44000;1
253;Female;78;3000;1
254;Female;86;72000;1
255;Female;46;27000;1
256;Male;59;85000;1
257;Male;12;38000;1
258;Male;79;73000;1
259;Female;79;64000;1
260;Male;26;26000;1
261;Female;63;47000;1
262;Female;52;35000;1
263;Female;32;31000;1
264;Female;64;13000;1
265;Female;37;79000;1
266;Male;7;82000;1
267;Female;40;28000;1
268;Female;78;36000;0
269;Female;34;8000;1
270;Female;52;88000;1
271;Male;94;91000;0
272;Female;1;12000;0
273;Female;96;1000;0
274;Female;18;143000;0
275;Female;37;18000;1
276;Male;78;65000;1
277;Male;16;9000;1
278;Male;93;95000;1
279;Female;74;78000;1
280;Male;68;48000;1
281;Female;32;63000;1
282;Female;43;85000;1
283;Female;52;43000;1
284;Female;63;74000;1
285;Female;33;67000;0
286;Male;86;59000;0
287;Female;85;140000;1
288;Female;73;31000;1
289;Female;21;5000;0
290;Female;93;19000;1
291;Male;9;27000;1
292;Female;10;68000;1
293;Male;11;38000;1
294;Female;48;50000;1
295;Female;73;80000;1
296;Female;66;69000;1
297;Female;79;31000;1
298;Male;62;87000;1
299;Male;17;79000;1
300;Male;32;32000;1
301;Male;85;153787;1
302;Male;31;95851;1
303;Female;31;145015;1
304;Female;38;148539;1
305;Female;90;117319;1
306;Female;65;180243;1
307;Female;63;165052;1
308;Female;61;120487;0
309;Male;26;112766;1
310;Female;17;156488;1
311;Male;56;97562;1
312;Female;12;77501;1
313;Female;24;118302;1
314;Female;13;64277;1
315;Male;12;53927;1
316;Male;72;93921;1
317;Female;54;132046;1
318;Male;45;183217;1
319;Male;66;182937;1
320;Female;27;68272;1
321;Male;36;69841;1
322;Male;5;69078;1
323;Female;89;110667;1
324;Male;13;95469;1
325;Female;91;102861;1
326;Male;16;133551;1
327;Female;63;64589;1
328;Male;52;152755;1
329;Female;37;92313;1
330;Female;78;98922;1
331;Male;24;165846;0
332;Female;4;93713;1
333;Male;84;137641;0
334;Male;0;173743;0
335;Female;67;116126;1
336;Female;32;112246;1
337;Female;39;69384;1
338;Female;68;76529;0
339;Female;7;123804;1
340;Female;76;68292;1
341;Female;84;173185;1
342;Male;75;142034;1
343;Male;22;107941;0
344;Female;90;149840;1
345;Female;4;148431;1
346;Female;78;126599;0
347;Female;58;57180;1
348;Female;99;184426;1
349;Female;24;151085;1
350;Female;88;166107;1
351;Female;92;67850;1
352;Male;99;173394;1
353;Female;51;72303;1
354;Male;23;181760;1
355;Female;13;146858;1
356;Male;22;172923;1
357;Female;89;115811;1
358;Male;20;184324;1
359;Female;72;67353;1
360;Male;17;165999;1
361;Male;90;164914;1
362;Male;99;63364;1
363;Female;39;182352;1
364;Female;37;148544;1
365;Male;46;62833;1
366;Male;65;120627;0
367;Female;60;130898;1
368;Female;93;103130;1
369;Male;72;106681;1
370;Female;36;87353;1
371;Male;52;88046;1
372;Female;72;98168;1
373;Female;28;178265;1
374;Female;48;167232;1
375;Male;85;140478;1
376;Male;22;159296;1
377;Female;30;144043;1
378;Male;46;72594;1
379;Female;82;180288;1
380;Female;73;165734;0
381;Male;8;175407;1
382;Male;90;70201;0
383;Male;34;91503;0
384;Female;10;184522;0
385;Female;79;143560;1
386;Male;83;131574;1
387;Female;20;151124;1
388;Female;25;67447;1
389;Female;26;117454;1
390;Female;18;86203;1
391;Female;7;136231;1
392;Male;1;89144;1
393;Male;21;119116;1
394;Female;86;163463;1
395;Female;75;151696;1
396;Male;78;184736;1
397;Female;87;70419;1
398;Female;8;119104;1
399;Male;59;130950;1
400;Male;13;140950;1
401;Female;55;82285;1
402;Female;50;91389;1
403;Male;54;186359;1
404;Male;13;178989;1
405;Male;79;166335;1
406;Female;65;119889;1
407;Female;51;66852;1
408;Male;18;103896;1
409;Male;21;187761;1
410;Male;37;102717;1
411;Male;83;102647;0
412;Female;96;113585;0
413;Female;65;86509;0
414;Male;80;59099;1
415;Female;75;135088;1
416;Female;87;110870;1
417;Female;86;187667;0
418;Female;36;124614;1
419;Female;78;166492;1
420;Female;62;172758;1
421;Male;89;122430;1
422;Female;56;183540;0
423;Female;35;96484;1
424;Male;33;112587;1
425;Female;58;155672;1
426;Female;68;72847;1
427;Male;38;71897;1
428;Male;31;158479;1
429;Male;90;89251;1
430;Male;28;179911;1
431;Male;1;111558;1
432;Male;78;127615;1
433;Female;23;50076;1
434;Female;25;77779;1
435;Male;59;169999;1
436;Female;7;106581;1
437;Female;24;78223;0
438;Male;76;136259;0
439;Male;37;153399;1
440;Female;6;162858;0
441;Female;0;57373;0
442;Male;3;133602;1
443;Female;95;66322;0
444;Female;0;68761;1
445;Male;7;70749;1
446;Male;54;65874;1
447;Male;89;115996;1
448;Female;58;67097;1
449;Female;12;108027;1
450;Male;7;176349;1
451;Male;11;88452;1
452;Male;74;128266;1
453;Female;64;156777;1
454;Female;48;123234;1
455;Female;8;60790;1
456;Female;15;181332;1
457;Male;1;187297;0
458;Female;21;153885;1
459;Male;84;53500;1
460;Female;5;69443;1
461;Female;47;124072;0
462;Female;96;135800;0
463;Male;93;120597;1
464;Female;16;91358;1
465;Male;56;53231;0
466;Female;76;156330;1
467;Male;0;186002;1
468;Female;70;111760;1
469;Female;47;143906;1
470;Male;13;182410;1
471;Male;86;98463;1
472;Male;91;93762;1
473;Male;97;104582;1
474;Male;20;130813;1
475;Female;11;59202;1
476;Female;28;79968;1
477;Male;32;104824;0
478;Male;82;188719;0
479;Male;39;187536;1
480;Male;7;134008;1
481;Female;13;176397;1
482;Female;34;154888;1
483;Male;76;155622;0
484;Female;30;62330;1
485;Female;69;112838;1
486;Male;22;58283;1
487;Female;60;77857;1
488;Male;66;125024;0
489;Female;57;136242;1
490;Female;60;81934;1
491;Female;59;130511;1
492;Female;54;144502;1
493;Male;90;63769;1
494;Female;14;66760;0
495;Female;34;135115;1
496;Female;85;179877;1
497;Female;83;93351;1
498;Male;12;84547;1
499;Male;95;121725;1
500;Male;41;65723;1
501;Female;38;96794;1
502;Male;68;72352;1
503;Female;4;53097;0
504;Female;5;144831;1
505;Female;3;183851;1
506;Female;20;111896;1
507;Female;3;64824;1
508;Male;36;88565;1
509;Female;70;104974;1
510;Female;17;167060;1
511;Female;31;69018;1
512;Female;48;174109;0
513;Male;28;62186;0
514;Male;97;183783;1
515;Male;81;83771;1
516;Female;37;148196;0
517;Male;85;131742;1
518;Female;78;59971;1
519;Female;13;88960;1
520;Female;53;140107;1
521;Female;41;161896;1
522;Female;9;57272;1
523;Male;20;119952;1
524;Female;98;167197;1
525;Female;44;186116;1
526;Female;66;134677;1
527;Female;58;180479;0
528;Male;97;112783;1
529;Male;13;150258;0
530;Male;48;115832;1
531;Female;47;104834;0
532;Male;93;152571;1
533;Female;11;162287;1
534;Female;68;171761;1
535;Female;87;77709;0
536;Female;22;95053;1
537;Male;89;74820;1
538;Male;57;152267;1
539;Male;91;71925;1
540;Female;84;151340;1
541;Male;56;162921;0
542;Female;26;52234;1
543;Female;56;100271;1
544;Female;6;170266;1
545;Female;33;88763;1
546;Female;89;107359;1
547;Male;99;164781;0
548;Female;25;156016;1
549;Female;96;186882;1
550;Female;35;99300;1
551;Male;16;58127;0
552;Female;81;89211;1
553;Female;7;148607;1
554;Female;31;139592;1
555;Female;16;172051;1
556;Male;89;57033;0
557;Male;84;117612;0
558;Male;40;185321;0
559;Female;17;186577;1
560;Male;0;151298;0
561;Female;69;123925;1
562;Female;17;169496;1
563;Female;0;142892;1
564;Female;34;58979;1
565;Female;51;141416;1
566;Male;54;104854;1
567;Female;19;180331;1
568;Female;99;172896;0
569;Female;2;101451;1
570;Female;91;189974;1
571;Male;65;90084;1
572;Female;47;112247;1
573;Female;91;181775;1
574;Female;64;59088;1
575;Female;91;60856;1
576;Male;32;149900;1
577;Male;15;142776;1
578;Male;22;162598;1
579;Female;37;146195;1
580;Male;83;135268;1
581;Female;89;136037;1
582;Female;33;111191;1
583;Female;13;144111;1
584;Female;71;177359;1
585;Female;10;112818;1
586;Male;49;53509;1
587;Female;9;168269;1
588;Female;53;86766;1
589;Female;63;52661;1
590;Female;46;148520;1
591;Male;42;149936;1
592;Female;73;102296;1
593;Male;75;178416;1
594;Female;49;83788;1
595;Female;96;184771;1
596;Female;52;70302;1
597;Female;15;58639;1
598;Male;91;97879;1
599;Male;22;64707;1
600;Male;62;71795;1
601;Male;41;76567;1
602;Male;61;126370;1
603;Female;71;154007;1
604;Female;91;69720;1
605;Female;94;85265;1
606;Female;3;155864;1
607;Female;15;99421;1
608;Female;96;145457;1
609;Male;12;118041;1
610;Female;23;73759;0
611;Male;94;90082;1
612;Female;7;74928;0
613;Female;74;101352;0
614;Female;52;93947;1
615;Male;39;134629;1
616;Male;72;101858;1
617;Female;55;165501;1
618;Male;29;135931;1
619;Male;38;103356;1
620;Female;44;75195;1
621;Male;58;123083;1
622;Male;77;73884;1
623;Female;56;91180;1
624;Male;79;86235;0
625;Female;97;96400;1
626;Male;78;83599;1
627;Female;91;82535;0
628;Male;35;92227;0
629;Female;43;150444;1
630;Female;37;149095;1
631;Male;63;113605;1
632;Female;16;93854;0
633;Male;32;118280;0
634;Male;91;94576;0
635;Female;33;129257;1
636;Female;57;70373;1
637;Female;43;77600;0
638;Female;26;113707;0
639;Female;59;189672;0
640;Female;61;143180;0
641;Female;59;174890;1
642;Male;66;121377;1
643;Male;26;154857;0
644;Female;67;160945;0
645;Female;85;119557;0
646;Female;76;187141;0
647;Female;57;97468;0
648;Female;77;160351;1
649;Female;66;178627;1
650;Female;49;170188;1
651;Female;36;166007;1
652;Male;74;91794;0
653;Female;16;189072;1
654;Male;27;152717;1
655;Female;3;158549;0
656;Male;31;134263;1
657;Female;30;148236;1
658;Male;94;171677;0
659;Female;31;189446;1
660;Male;49;106633;0
661;Male;49;81084;1
662;Male;53;148759;1
663;Female;3;117638;1
664;Female;91;159537;1
665;Male;26;79526;1
666;Male;28;101414;1
667;Female;92;109519;1
668;Female;59;156880;0
669;Male;15;157278;0
670;Female;23;144916;1
671;Male;54;59163;1
672;Female;93;93991;1
673;Female;65;58318;1
674;Female;13;180786;1
675;Male;71;84622;0
676;Male;1;92674;1
677;Female;57;87553;1
678;Male;14;74174;1
679;Female;77;180831;1
680;Female;89;137397;1
681;Male;17;96154;1
682;Male;86;172477;1
683;Male;42;59954;1
684;Female;29;112240;0
685;Female;54;145679;0
686;Male;96;136265;1
687;Female;58;74869;0
688;Female;52;109425;0
689;Female;3;126015;0
690;Female;13;156951;1
691;Female;3;127172;1
692;Male;89;113834;0
693;Male;83;132005;0
694;Female;80;171323;1
695;Female;74;92355;1
696;Male;42;60982;0
697;Female;91;51742;1
698;Female;31;138612;1
699;Male;8;158123;1
700;Male;64;164675;0
701;Female;41;172882;1
702;Female;62;70119;0
703;Male;41;113998;1
704;Male;22;114011;1
705;Male;5;57265;1
706;Female;38;130597;1
707;Female;88;121597;0
708;Male;56;103210;1
709;Male;47;66308;0
710;Male;4;141336;1
711;Male;82;153632;1
712;Female;31;65520;1
713;Female;69;153217;1
714;Male;62;92768;1
715;Female;54;132345;0
716;Female;60;186069;1
717;Female;31;53802;1
718;Female;17;103739;1
719;Female;15;50550;1
720;Female;37;145648;1
721;Male;36;85737;0
722;Female;27;99950;0
723;Female;11;83220;1
724;Male;83;73410;1
725;Female;71;64310;1
726;Female;20;59844;0
727;Male;3;67787;1
728;Male;52;172841;0
729;Male;75;145528;1
730;Male;36;173807;0
731;Male;60;185794;1
732;Male;8;119780;1
733;Female;9;158596;1
734;Female;41;118122;0
735;Male;38;99964;1
736;Female;69;120752;1
737;Female;33;189630;1
738;Male;64;125510;1
739;Male;19;101799;1
740;Female;88;92914;0
741;Female;91;162465;1
742;Male;84;163818;1
743;Female;43;53832;1
744;Female;30;140190;1
745;Male;16;125836;1
746;Male;89;100938;0
747;Male;5;168670;1
748;Female;54;176885;0
749;Female;41;111174;1
750;Male;80;127335;1
751;Male;37;149103;1
752;Male;87;167705;0
753;Female;50;183548;1
754;Female;14;50396;0
755;Female;17;63557;1
756;Female;98;87878;1
757;Male;3;55634;1
758;Female;83;118110;1
759;Male;13;129396;1
760;Female;46;62628;1
761;Female;25;51700;1
762;Female;4;106816;1
763;Male;64;93000;0
764;Female;84;144148;1
765;Male;12;101388;0
766;Female;56;171560;0
767;Male;58;156366;1
768;Female;0;143910;1
769;Female;25;106569;1
770;Male;28;173009;1
771;Male;78;54252;0
772;Male;56;104600;1
773;Male;91;50250;0
774;Male;77;93242;0
775;Female;83;156839;1
776;Female;64;71305;1
777;Male;19;85975;0
778;Male;94;188107;1
779;Male;19;82333;1
780;Male;84;125016;1
781;Female;10;148908;1
782;Female;19;58217;0
783;Male;74;76521;1
784;Female;95;117763;1
785;Female;34;115184;1
786;Male;30;54251;1
787;Female;53;112530;1
788;Male;67;107409;1
789;Female;23;84793;1
790;Female;25;66952;1
791;Female;84;153465;1
792;Female;1;178214;1
793;Male;70;152069;1
794;Female;56;132860;1
795;Female;0;147719;1
796;Female;91;172915;1
797;Female;81;148594;1
798;Male;33;61986;0
799;Male;75;91456;1
800;Male;11;166247;1
801;Female;61;140516;0
802;Male;81;148208;1
803;Female;62;133822;0
804;Female;44;175424;1
805;Female;67;121528;1
806;Female;30;189369;0
807;Female;92;80808;1
808;Male;25;57535;1
809;Female;61;163509;0
810;Female;72;75884;0
811;Female;89;157759;1
812;Female;37;184813;0
813;Male;59;187253;1
814;Male;41;81718;1
815;Male;60;150019;1
816;Female;81;53452;1
817;Male;85;150765;1
818;Female;91;154456;0
819;Female;65;56647;1
820;Female;19;117477;1
821;Female;78;79677;1
822;Female;0;116759;1
823;Male;26;180702;1
824;Female;2;122698;1
825;Female;60;169346;1
826;Female;67;93176;1
827;Female;4;75853;1
828;Male;7;119362;1
829;Male;28;81545;1
830;Male;67;67372;0
831;Female;30;109703;1
832;Male;38;166697;1
833;Female;40;124982;1
834;Female;6;146776;1
835;Female;3;147548;1
836;Female;51;117620;1
837;Male;63;85351;0
838;Male;65;174432;0
839;Male;44;70787;1
840;Female;90;75473;0
841;Male;76;90082;1
842;Female;62;185388;0
843;Female;5;168110;1
844;Female;67;184628;1
845;Female;38;176551;1
846;Female;31;76422;1
847;Male;2;164248;1
848;Female;82;109188;1
849;Female;66;132951;1
850;Female;75;164598;1
851;Male;69;186655;1
852;Female;62;111859;1
853;Female;0;121926;1
854;Female;11;143047;1
855;Female;22;131748;1
856;Male;76;142801;0
857;Male;85;142723;0
858;Male;21;155151;1
859;Female;64;153607;1
860;Male;94;144192;0
861;Female;83;174159;1
862;Female;93;73642;0
863;Female;12;170319;1
864;Female;0;141351;0
865;Female;79;167411;1
866;Male;90;58289;1
867;Female;45;79801;0
868;Female;82;146118;1
869;Female;57;57337;1
870;Female;43;113575;1
871;Male;63;122658;1
872;Female;62;151836;0
873;Female;43;185900;1
874;Female;34;94029;1
875;Female;30;157290;1
876;Male;97;175996;1
877;Male;68;102016;0
878;Male;16;77902;1
879;Female;15;81138;1
880;Male;25;128258;0
881;Female;29;62475;1
882;Female;85;82854;1
883;Female;30;59284;1
884;Female;13;141580;0
885;Female;88;171362;1
886;Male;5;78274;1
887;Female;95;76646;0
888;Female;92;78308;1
889;Female;63;78971;1
890;Female;75;65528;1
891;Male;67;94199;1
892;Female;58;135705;1
893;Male;52;130573;1
894;Female;85;152303;1
895;Female;31;144582;1
896;Female;84;93288;1
897;Female;93;88192;1
898;Male;18;62362;1
899;Male;73;74350;1
900;Male;3;144103;1
901;Male;1;75518;1
902;Male;53;160980;1
903;Female;75;102904;1
904;Female;15;174501;1
905;Female;47;157661;1
906;Female;66;118385;1
907;Female;17;116463;1
908;Female;1;161212;1
909;Male;16;172601;1
910;Female;52;167214;1
911;Male;21;69644;1
912;Female;19;120215;1
913;Female;29;180401;1
914;Female;40;113739;1
915;Male;76;111717;1
916;Male;91;62808;0
917;Female;24;67582;1
918;Male;4;96543;1
919;Male;90;89667;0
920;Female;56;98980;0
921;Male;14;124998;1
922;Male;52;189091;0
923;Female;14;153842;1
924;Male;30;106314;0
925;Female;70;62901;1
926;Male;14;149618;1
927;Female;95;72068;0
928;Male;25;81367;0
929;Female;95;118575;1
930;Female;12;82382;1
931;Male;82;114776;1
932;Female;2;145597;1
933;Male;51;162072;1
934;Male;63;172872;0
935;Female;30;182162;1
936;Female;68;71467;1
937;Female;21;85568;0
938;Female;99;56851;1
939;Female;0;116782;1
940;Female;80;67781;1
941;Female;51;70152;0
942;Male;18;185861;1
943;Male;43;162595;1
944;Female;29;80098;1
945;Female;20;184801;1
946;Female;39;58908;1
947;Female;9;146011;1
948;Female;45;135174;1
949;Female;65;114244;0
950;Female;64;157207;0
951;Female;81;128834;1
952;Male;54;51166;0
953;Female;32;130118;0
954;Male;29;87014;1
955;Female;25;111379;0
956;Male;5;83704;1
957;Female;55;90558;1
958;Male;12;187343;1
959;Female;81;111174;1
960;Male;87;64461;1
961;Male;12;109618;1
962;Male;91;189357;1
963;Female;63;120955;1
964;Female;97;168898;1
965;Male;89;130431;1
966;Male;59;161091;1
967;Female;26;69988;1
968;Female;5;169702;1
969;Male;32;186897;1
970;Female;98;109061;1
971;Male;31;188620;1
972;Female;59;108675;1
973;Female;80;177601;0
974;Female;12;87365;1
975;Male;80;95929;0
976;Male;59;97185;0
977;Female;56;103838;1
978;Male;18;129260;1
979;Female;66;151184;1
980;Female;67;177512;1
981;Male;39;140099;0
982;Male;23;67535;1
983;Male;47;133236;1
984;Female;41;87975;1
985;Female;40;164350;0
986;Male;36;55109;1
987;Female;12;67613;1
988;Female;60;185306;0
989;Female;24;154787;1
990;Female;17;109759;1
991;Female;92;114571;1
992;Male;32;130697;1
993;Male;39;115916;1
994;Female;50;69814;1
995;Female;85;118161;0
996;Male;65;56583;1
997;Female;17;185843;1
998;Female;31;171825;1
999;Male;24;77976;1
1000;Male;97;66312;0
1001;Female;92;81839;0
1002;Female;80;55712;1
1003;Male;33;158335;1
1004;Male;8;74253;1
1005;Male;67;119625;1
1006;Female;8;129743;0
1007;Female;61;101007;0
1008;Male;83;87529;1
1009;Male;8;151648;1
1010;Male;69;61637;0
1011;Male;14;164659;1
1012;Female;80;125623;0
1013;Female;85;104054;1
1014;Male;88;83535;1
1015;Female;76;166245;1
1016;Female;32;100890;1
1017;Female;99;55972;1
1018;Female;85;134282;1
1019;Female;25;106669;1
1020;Female;99;145777;1
1021;Male;41;119259;1
1022;Female;1;150174;1
1023;Female;45;55472;1
1024;Male;55;99423;0
1025;Female;20;146221;0
1026;Female;33;84238;1
1027;Male;92;57032;1
1028;Male;93;88811;0
1029;Male;60;167420;1
1030;Male;38;101846;1
1031;Male;15;114061;1
1032;Male;74;147449;1
1033;Female;47;83043;0
1034;Female;96;168990;1
1035;Male;97;73867;1
1036;Female;35;165772;1
1037;Female;19;178217;0
1038;Male;60;162612;1
1039;Male;37;99872;1
1040;Female;49;142566;1
1041;Female;1;111424;1
1042;Male;43;187841;1
1043;Female;46;171921;1
1044;Female;65;115299;1
1045;Male;75;94129;1
1046;Male;40;172378;1
1047;Male;28;146597;1
1048;Female;78;64057;0
1049;Female;22;163585;1
1050;Male;6;93186;1
1051;Male;46;149764;0
1052;Male;17;116822;1
1053;Female;46;109346;1
1054;Female;72;111587;1
1055;Female;38;166644;1
1056;Female;50;181270;1
1057;Male;47;65207;1
1058;Female;72;112146;1
1059;Male;8;104953;1
1060;Female;34;139009;0
1061;Female;53;67916;0
1062;Female;82;99983;0
1063;Male;63;131122;1
1064;Female;58;173190;1
1065;Male;23;122712;1
1066;Female;80;55792;1
1067;Male;45;73892;1
1068;Female;30;78821;1
1069;Female;84;152475;0
1070;Male;45;152226;1
1071;Male;85;117679;1
1072;Male;23;146473;1
1073;Male;79;66051;1
1074;Male;47;162332;1
1075;Female;93;166018;0
1076;Female;95;67398;1
1077;Male;44;73760;1
1078;Male;95;167578;0
1079;Male;28;130267;1
1080;Male;91;94846;0
1081;Female;81;155396;1
1082;Female;90;138013;1
1083;Male;79;148286;0
1084;Female;6;101031;1
1085;Female;38;52884;1
1086;Male;87;153230;1
1087;Female;93;63261;1
1088;Male;44;90167;0
1089;Female;10;162076;0
1090;Female;84;53622;0
1091;Female;7;172913;1
1092;Female;41;94316;0
1093;Male;87;141383;1
1094;Female;33;67874;0
1095;Female;34;176554;1
1096;Female;53;135341;1
1097;Female;47;129019;0
1098;Male;53;107879;1
1099;Male;92;79531;1
1100;Male;89;63379;1
1101;Female;27;156258;0
1102;Male;70;67874;1
1103;Female;86;159964;1
1104;Female;99;103706;1
1105;Female;96;64713;1
1106;Female;65;90414;1
1107;Female;82;171100;0
1108;Male;36;187305;1
1109;Female;30;139758;0
1110;Female;96;91226;0
1111;Female;69;143928;1
1112;Female;34;92366;0
1113;Male;74;175041;1
1114;Male;97;147301;1
1115;Male;56;119296;0
1116;Female;30;126306;0
1117;Male;13;100647;1
1118;Female;95;168663;1
1119;Female;2;105391;1
1120;Female;78;175179;1
1121;Female;54;165019;1
1122;Female;85;68212;1
1123;Male;13;64572;1
1124;Female;85;92591;1
1125;Female;41;69730;1
1126;Female;25;156793;1
1127;Female;74;56848;1
1128;Male;8;148450;0
1129;Male;62;150619;1
1130;Male;52;100261;1
1131;Female;36;109895;1
1132;Male;11;152684;0
1133;Female;84;133765;1
1134;Female;99;57677;0
1135;Female;51;112358;0
1136;Female;57;73845;1
1137;Male;92;89531;1
1138;Male;29;118092;1
1139;Male;62;144242;1
1140;Female;43;140876;0
1141;Male;72;76888;0
1142;Female;28;116644;1
1143;Female;57;143021;1
1144;Female;86;145679;1
1145;Female;26;64398;1
1146;Female;13;104512;1
1147;Male;1;71564;1
1148;Female;89;122707;1
1149;Female;91;51733;0
1150;Female;67;138087;1
1151;Male;63;147278;0
1152;Female;90;187339;0
1153;Female;87;129972;1
1154;Female;89;151176;1
1155;Female;34;74358;0
1156;Male;89;83953;0
1157;Male;31;62925;1
1158;Male;55;65257;1
1159;Female;3;188557;1
1160;Male;64;163783;1
1161;Female;1;108342;0
1162;Female;20;155951;1
1163;Female;18;183071;1
1164;Female;83;124104;1
1165;Female;21;136747;1
1166;Male;19;189498;1
1167;Female;74;76149;1
1168;Female;44;185550;0
1169;Female;52;119567;1
1170;Female;14;79806;1
1171;Male;10;180774;1
1172;Female;80;90142;1
1173;Female;82;184481;0
1174;Female;32;66089;1
1175;Female;16;60044;1
1176;Male;61;52543;0
1177;Male;57;50429;0
1178;Male;95;178228;1
1179;Female;38;161130;1
1180;Male;70;87976;1
1181;Female;40;179150;1
1182;Female;92;163442;1
1183;Female;73;108159;1
1184;Female;62;73419;0
1185;Female;12;138425;1
1186;Male;65;54431;1
1187;Female;88;168437;1
1188;Female;55;71322;1
1189;Female;99;122548;1
1190;Female;20;141428;1
1191;Male;97;142214;1
1192;Female;93;62590;1
1193;Male;84;172523;1
1194;Female;16;157588;1
1195;Female;10;143313;1
1196;Female;59;119833;1
1197;Female;54;70803;0
1198;Male;82;139008;1
1199;Male;83;126669;1
1200;Male;87;122722;1
1201;Male;1;79800;0
1202;Male;89;100155;1
1203;Female;32;110846;0
1204;Female;1;106841;0
1205;Female;54;117181;1
1206;Female;56;86898;0
1207;Female;31;143241;1
1208;Female;26;146028;0
1209;Male;7;165287;1
1210;Female;60;132486;1
1211;Male;92;96424;1
1212;Female;93;151468;1
1213;Female;8;76561;0
1214;Female;81;125316;0
1215;Male;21;109373;1
1216;Male;96;135042;0
1217;Female;78;59784;1
1218;Male;86;140687;1
1219;Male;1;182927;1
1220;Female;62;175534;1
1221;Male;68;170957;1
1222;Male;70;81197;0
1223;Female;21;104888;0
1224;Male;74;184838;1
1225;Female;62;139588;0
1226;Male;22;126543;0
1227;Female;87;177260;1
1228;Male;44;156823;1
1229;Female;27;183201;1
1230;Female;95;84925;1
1231;Male;89;69719;1
1232;Female;41;61355;1
1233;Male;41;156014;1
1234;Male;21;184088;1
1235;Female;59;158372;1
1236;Female;64;135742;1
1237;Female;38;145704;0
1238;Female;70;157307;1
1239;Female;25;88064;1
1240;Female;3;167226;1
1241;Female;70;153821;1
1242;Male;29;170669;1
1243;Male;88;93555;1
1244;Female;20;101941;1
1245;Female;58;78795;0
1246;Female;70;55875;0
1247;Female;44;177513;1
1248;Female;87;100850;0
1249;Female;0;143082;0
1250;Female;96;85447;1
1251;Female;75;114213;1
1252;Male;14;161120;0
1253;Female;8;186682;1
1254;Male;58;105302;0
1255;Female;5;133400;0
1256;Male;70;56432;0
1257;Female;49;136467;1
1258;Male;60;189945;0
1259;Female;25;163966;1
1260;Male;47;52152;0
1261;Male;53;145720;1
1262;Male;24;188034;1
1263;Female;46;127911;1
1264;Female;70;174114;1
1265;Male;53;144489;1
1266;Male;63;77440;0
1267;Female;24;86119;1
1268;Female;5;100056;1
1269;Male;7;66686;1
1270;Female;71;74696;1
1271;Male;23;65641;1
1272;Female;0;61228;1
1273;Female;2;138529;0
1274;Female;72;152405;1
1275;Male;18;157757;0
1276;Male;11;166361;1
1277;Female;95;67227;1
1278;Male;20;161156;0
1279;Female;58;170647;1
1280;Female;67;161646;0
1281;Male;43;98016;1
1282;Male;36;50526;0
1283;Male;2;175208;1
1284;Female;35;97721;0
1285;Female;81;142013;1
1286;Male;84;166737;0
1287;Female;18;62651;0
1288;Female;54;179546;1
1289;Female;98;51866;1
1290;Female;75;86297;1
1291;Female;98;65031;0
1292;Male;94;69383;0
1293;Male;24;70733;1
1294;Female;47;187898;1
1295;Female;40;116001;1
1296;Male;68;87040;1
1297;Female;18;180956;1
1298;Female;83;115517;0
1299;Male;34;76979;1
1300;Male;81;50798;1
1301;Female;61;146350;1
1302;Female;77;81112;1
1303;Male;52;80605;1
1304;Male;40;171949;1
1305;Male;93;159006;1
1306;Female;45;177368;1
1307;Female;83;187643;1
1308;Male;23;93841;0
1309;Male;15;131061;0
1310;Male;79;146130;1
1311;Male;80;84471;1
1312;Female;35;144485;0
1313;Female;39;158638;1
1314;Male;4;96693;0
1315;Female;83;129507;1
1316;Female;94;114510;0
1317;Female;33;109396;1
1318;Female;12;149031;1
1319;Female;77;66256;1
1320;Female;48;118285;1
1321;Male;97;128723;1
1322;Female;28;178285;1
1323;Female;99;144176;1
1324;Male;27;82474;1
1325;Female;95;159010;1
1326;Female;6;76164;1
1327;Male;18;77873;1
1328;Male;42;53392;1
1329;Male;50;168898;1
1330;Male;86;128917;1
1331;Male;69;185067;1
1332;Male;23;132183;1
1333;Female;82;82060;1
1334;Female;97;133614;1
1335;Male;42;94844;1
1336;Female;75;76474;1
1337;Female;14;94655;1
1338;Male;3;60933;1
1339;Male;16;79257;1
1340;Female;45;125677;1
1341;Female;23;127971;1
1342;Male;38;76103;1
1343;Female;45;114741;0
1344;Female;82;157994;1
1345;Male;73;93786;1
1346;Male;36;75178;1
1347;Male;13;175267;1
1348;Female;96;99263;1
1349;Female;83;52590;0
1350;Male;33;170959;0
1351;Male;68;135076;1
1352;Male;88;167112;0
1353;Female;87;184639;1
1354;Female;88;172369;1
1355;Female;43;124256;1
1356;Female;64;89972;1
1357;Male;96;67799;1
1358;Female;72;176074;1
1359;Male;48;167517;1
1360;Female;64;77914;1
1361;Female;8;57605;0
1362;Female;52;86365;1
1363;Male;3;93883;1
1364;Female;44;131091;1
1365;Male;14;87222;1
1366;Female;50;117076;1
1367;Male;53;150925;1
1368;Female;31;149379;0
1369;Female;31;138644;1
1370;Male;97;148493;1
1371;Male;27;84658;1
1372;Male;2;111618;1
1373;Male;81;108759;1
1374;Male;64;186203;1
1375;Female;11;147258;1
1376;Female;78;132983;1
1377;Male;72;149092;1
1378;Male;36;163845;1
1379;Male;97;117777;1
1380;Male;88;131584;1
1381;Female;21;123904;1
1382;Female;62;89801;1
1383;Male;73;173466;1
1384;Female;34;55690;1
1385;Female;50;104467;1
1386;Male;39;100419;1
1387;Female;82;62951;1
1388;Male;39;118554;1
1389;Female;13;140673;1
1390;Female;68;75561;1
1391;Female;77;147306;1
1392;Female;35;111871;1
1393;Male;5;112884;0
1394;Female;47;121267;1
1395;Female;48;151519;1
1396;Female;34;105448;0
1397;Female;20;92048;1
1398;Male;61;99980;1
1399;Male;16;84003;1
1400;Male;2;110889;1
1401;Female;52;82478;1
1402;Male;99;139685;1
1403;Female;84;182374;0
1404;Female;58;119366;1
1405;Female;91;53788;0
1406;Female;1;90341;0
1407;Female;67;118348;1
1408;Male;56;137428;0
1409;Female;62;106982;1
1410;Female;12;98532;0
1411;Female;38;120825;1
1412;Female;51;58006;1
1413;Male;20;106941;1
1414;Male;43;129782;1
1415;Male;93;121513;0
1416;Female;54;79925;0
1417;Male;23;112089;1
1418;Female;1;138656;1
1419;Female;64;146794;1
1420;Female;55;75033;1
1421;Female;85;149969;0
1422;Female;20;124852;1
1423;Male;73;154837;1
1424;Female;53;145678;0
1425;Female;7;137354;1
1426;Female;50;136660;1
1427;Female;12;63334;0
1428;Male;37;62893;1
1429;Male;78;163514;1
1430;Male;29;145934;1
1431;Female;54;119223;1
1432;Male;89;127479;1
1433;Female;25;136146;1
1434;Female;14;76001;1
1435;Female;12;84885;1
1436;Female;18;82812;1
1437;Male;74;51260;1
1438;Male;21;159572;1
1439;Male;9;130186;1
1440;Female;49;176954;1
1441;Male;58;85908;1
1442;Female;16;75831;1
1443;Female;55;123045;1
1444;Female;31;161211;1
1445;Female;59;81702;1
1446;Female;25;173043;1
1447;Male;63;126380;1
1448;Female;60;128205;1
1449;Female;41;181355;1
1450;Female;84;97931;1
1451;Male;72;146432;1
1452;Female;97;125731;1
1453;Female;43;132701;1
1454;Female;63;116095;1
1455;Female;7;135773;1
1456;Male;54;136417;1
1457;Male;27;80783;1
1458;Male;28;182580;1
1459;Female;84;143567;1
1460;Male;71;85908;1
1461;Female;88;139806;1
1462;Female;75;77269;1
1463;Female;96;105968;1
1464;Female;83;125660;1
1465;Female;86;98444;1
1466;Male;60;179503;1
1467;Female;5;60575;1
1468;Female;65;75685;1
1469;Female;49;85374;1
1470;Female;78;128642;1
1471;Male;25;182292;1
1472;Female;5;124702;1
1473;Female;58;127833;1
1474;Female;80;178866;1
1475;Female;94;183643;1
1476;Male;62;113306;1
1477;Male;20;84008;1
1478;Male;85;85758;1
1479;Female;72;63128;1
1480;Male;95;70174;1
1481;Female;97;170133;1
1482;Female;25;165978;1
1483;Female;17;149727;1
1484;Female;19;147052;1
1485;Female;59;113389;1
1486;Male;30;111690;1
1487;Female;63;184830;1
1488;Female;23;91549;1
1489;Female;97;94629;1
1490;Female;97;167558;1
1491;Male;94;119189;1
1492;Female;28;96207;1
1493;Male;21;85339;1
1494;Female;25;111942;1
1495;Female;48;157003;1
1496;Female;53;117123;1
1497;Female;97;172747;1
1498;Male;33;157358;1
1499;Male;5;156655;1
1500;Male;72;166043;1
1501;Male;40;67768;1
1502;Male;34;171353;1
1503;Female;63;116971;1
1504;Female;85;97822;1
1505;Female;86;117203;1
1506;Female;63;88720;1
1507;Female;9;173233;1
1508;Female;76;139447;1
1509;Male;19;179269;1
1510;Female;84;136254;1
1511;Male;38;174594;1
1512;Female;1;100429;1
1513;Female;30;73107;1
1514;Female;86;98344;1
1515;Male;21;163509;1
1516;Male;15;116204;1
1517;Female;87;95853;1
1518;Male;40;156411;1
1519;Male;2;72889;1
1520;Female;63;106691;1
1521;Male;26;144832;1
1522;Male;29;132297;1
1523;Female;7;170345;1
1524;Male;28;157383;1
1525;Female;99;150782;1
1526;Male;69;143987;1
1527;Female;13;129659;1
1528;Male;73;104826;1
1529;Female;4;181471;1
1530;Female;42;152547;1
1531;Male;43;85347;1
1532;Female;79;122828;0
1533;Male;18;107794;0
1534;Male;39;152566;1
1535;Female;41;91715;0
1536;Female;60;99222;1
1537;Female;39;70280;0
1538;Female;90;70030;1
1539;Female;83;102083;1
1540;Female;92;166163;1
1541;Female;6;182871;1
1542;Male;50;187545;1
1543;Male;90;182910;0
1544;Female;13;174530;1
1545;Female;27;115438;0
1546;Female;93;93964;1
1547;Female;61;180341;1
1548;Female;91;107323;1
1549;Female;79;119435;0
1550;Female;80;68341;1
1551;Female;16;95365;0
1552;Male;4;131093;1
1553;Female;34;100621;1
1554;Male;10;116521;0
1555;Female;3;136316;0
1556;Male;96;172039;0
1557;Female;48;70844;0
1558;Male;25;100964;1
1559;Female;98;128037;1
1560;Male;84;97081;1
1561;Male;88;92247;0
1562;Male;86;129914;1
1563;Female;0;94014;1
1564;Female;56;138864;0
1565;Male;6;169299;1
1566;Male;2;119097;0
1567;Female;73;68161;1
1568;Female;38;181108;1
1569;Male;37;87764;1
1570;Female;41;102543;1
1571;Male;94;139417;1
1572;Female;57;81802;1
1573;Female;96;102788;0
1574;Female;59;163179;1
1575;Male;87;71318;1
1576;Male;55;63683;1
1577;Female;16;189689;1
1578;Male;82;121610;0
1579;Female;83;150682;1
1580;Female;96;124550;0
1581;Male;55;148875;0
1582;Male;6;107117;1
1583;Male;33;109223;1
1584;Female;0;120899;1
1585;Female;27;101948;0
1586;Male;72;143169;0
1587;Female;13;167619;1
1588;Female;19;181795;1
1589;Female;48;186445;0
1590;Female;58;102205;1
1591;Female;21;52326;0
1592;Male;91;82992;1
1593;Male;44;145520;1
1594;Female;80;104820;1
1595;Female;28;69025;0
1596;Male;74;164976;0
1597;Female;79;178576;1
1598;Female;42;72415;0
1599;Male;80;112146;0
1600;Male;8;144830;0
1601;Female;24;51661;0
1602;Female;71;152910;1
1603;Male;1;114556;0
1604;Male;0;143455;1
1605;Male;30;173096;0
1606;Female;52;121172;1
1607;Female;34;56492;1
1608;Male;64;156422;1
1609;Male;17;131863;1
1610;Male;71;118096;0
1611;Male;87;149685;1
1612;Female;68;89765;0
1613;Female;14;177701;0
1614;Male;24;64738;0
1615;Female;10;92734;1
1616;Female;53;146877;1
1617;Female;39;62935;0
1618;Female;16;67178;1
1619;Female;64;115754;1
1620;Female;41;186470;0
1621;Male;16;100939;1
1622;Female;94;86172;1
1623;Female;40;184222;0
1624;Male;81;71543;1
1625;Female;18;174836;0
1626;Female;78;130706;1
1627;Male;8;74407;0
1628;Male;64;130055;1
1629;Male;45;88707;0
1630;Male;99;162762;1
1631;Male;59;154821;0
1632;Male;53;57248;1
1633;Female;66;99902;1
1634;Female;1;165711;1
1635;Male;73;97455;1
1636;Female;34;93866;1
1637;Female;1;141307;1
1638;Male;73;172011;1
1639;Male;90;68138;1
1640;Female;32;123246;1
1641;Female;47;124194;1
1642;Male;15;188696;1
1643;Female;78;91213;1
1644;Female;83;166650;1
1645;Male;2;52727;1
1646;Male;75;126469;1
1647;Male;45;138775;0
1648;Female;49;68901;1
1649;Female;41;118621;0
1650;Male;34;109263;0
1651;Male;82;150012;1
1652;Male;37;133850;1
1653;Female;25;81640;1
1654;Female;52;133214;1
1655;Female;23;186723;1
1656;Female;96;92100;1
1657;Male;5;64484;0
1658;Female;47;69024;1
1659;Male;81;171194;0
1660;Female;4;183282;1
1661;Female;8;100099;1
1662;Female;35;164435;1
1663;Male;67;172407;1
1664;Female;9;84781;1
1665;Male;82;186130;1
1666;Female;2;56782;1
1667;Male;95;137206;0
1668;Female;9;146950;1
1669;Female;99;174275;0
1670;Male;96;97705;1
1671;Male;92;188984;1
1672;Male;24;119238;1
1673;Male;58;87923;0
1674;Male;15;128573;1
1675;Female;13;132374;0
1676;Female;51;135164;1
1677;Male;9;165194;1
1678;Male;0;126060;1
1679;Male;67;89366;1
1680;Male;58;95172;1
1681;Female;55;95975;0
1682;Female;52;165573;0
1683;Male;83;180887;1
1684;Female;83;142720;0
1685;Female;90;113460;1
1686;Male;87;110434;1
1687;Female;67;146016;1
1688;Male;81;101073;0
1689;Female;36;62617;1
1690;Female;51;96028;0
1691;Female;31;186334;0
1692;Female;57;163473;0
1693;Male;83;89819;1
1694;Female;51;69388;1
1695;Female;15;134748;1
1696;Female;18;149915;1
1697;Female;88;104098;1
1698;Male;70;80160;1
1699;Male;9;124125;1
1700;Male;6;170226;0
1701;Female;8;53306;0
1702;Male;55;103933;1
1703;Female;69;85401;1
1704;Female;18;53812;1
1705;Female;13;60771;1
1706;Female;69;56398;1
1707;Female;69;171118;1
1708;Male;69;79806;0
1709;Female;89;150187;0
1710;Female;45;129455;0
1711;Female;75;116813;1
1712;Female;54;95734;1
1713;Male;33;76654;1
1714;Male;67;86289;1
1715;Male;26;176147;0
1716;Female;5;142351;0
1717;Male;65;186673;1
1718;Female;94;131521;0
1719;Female;95;50223;1
1720;Female;48;74308;1
1721;Female;41;155881;0
1722;Female;92;168303;1
1723;Male;44;182748;1
1724;Female;35;52374;1
1725;Female;34;86154;1
1726;Female;52;163612;0
1727;Female;64;64756;1
1728;Male;62;185257;1
1729;Male;58;78669;1
1730;Male;15;164520;1
1731;Female;65;92135;1
1732;Male;20;103195;0
1733;Female;21;161663;1
1734;Female;79;57039;1
1735;Female;91;54754;0
1736;Female;92;136531;1
1737;Male;62;120838;1
1738;Male;94;127927;0
1739;Male;10;164214;0
1740;Female;53;145498;1
1741;Male;7;129215;1
1742;Female;92;152429;0
1743;Female;12;89252;0
1744;Female;31;147447;1
1745;Female;93;74467;1
1746;Female;66;127410;1
1747;Male;49;91290;1
1748;Female;64;92812;1
1749;Female;27;170166;1
1750;Female;33;150823;1
1751;Male;79;95839;1
1752;Female;14;60175;1
1753;Female;22;153024;1
1754;Female;8;116858;1
1755;Female;6;122961;1
1756;Male;81;141471;1
1757;Male;69;76155;1
1758;Male;0;108169;1
1759;Female;61;139520;1
1760;Male;62;182631;1
1761;Female;95;177134;1
1762;Female;32;181703;1
1763;Female;13;61917;1
1764;Female;1;140648;1
1765;Female;63;176783;1
1766;Male;75;59741;1
1767;Female;43;156567;1
1768;Female;29;110309;1
1769;Female;82;111077;1
1770;Female;87;170333;1
1771;Male;66;183339;1
1772;Female;99;84167;1
1773;Female;54;184815;1
1774;Female;49;122556;1
1775;Female;60;174768;1
1776;Male;75;172309;1
1777;Male;77;117920;1
1778;Male;34;134882;1
1779;Female;63;77259;1
1780;Male;38;170019;1
1781;Female;68;176884;1
1782;Female;80;106709;1
1783;Female;8;168723;1
1784;Female;86;90228;1
1785;Female;1;89473;1
1786;Male;56;131911;1
1787;Female;14;140107;1
1788;Female;4;170403;1
1789;Female;58;51416;1
1790;Female;6;52648;1
1791;Male;17;125471;1
1792;Female;55;106153;1
1793;Male;14;124785;1
1794;Female;22;101474;1
1795;Female;8;141359;1
1796;Female;70;57596;1
1797;Female;67;78489;1
1798;Male;50;112957;1
1799;Male;72;82377;1
1800;Male;76;82315;1
1801;Male;80;93253;1
1802;Male;20;189650;1
1803;Female;89;114858;1
1804;Female;18;62151;1
1805;Female;75;135159;1
1806;Female;5;126263;1
1807;Female;79;123064;1
1808;Female;31;181773;1
1809;Male;92;171794;1
1810;Female;15;156339;1
1811;Male;94;65483;1
1812;Female;35;145654;1
1813;Female;68;91609;1
1814;Female;29;53002;1
1815;Male;87;115699;1
1816;Male;33;149609;1
1817;Female;29;165254;1
1818;Male;43;50418;1
1819;Male;43;103531;1
1820;Female;66;184060;1
1821;Male;23;75961;1
1822;Male;87;174163;1
1823;Female;81;105255;1
1824;Male;42;51860;1
1825;Female;32;185218;1
1826;Male;7;189709;1
1827;Female;91;134665;1
1828;Male;95;91352;1
1829;Female;10;154623;1
1830;Female;20;113767;1
1831;Male;5;160469;1
1832;Female;84;99418;1
1833;Male;54;56215;1
1834;Male;12;55639;1
1835;Female;90;62504;1
1836;Female;19;151382;1
1837;Female;91;156574;0
1838;Female;90;60998;1
1839;Female;60;108509;0
1840;Female;68;85540;1
1841;Female;43;73915;1
1842;Male;52;148901;1
1843;Male;81;152602;0
1844;Female;54;58999;1
1845;Female;43;133740;1
1846;Female;20;113217;1
1847;Female;71;60209;1
1848;Female;26;145491;1
1849;Female;75;61393;1
1850;Female;52;133252;1
1851;Female;40;187234;0
1852;Male;5;145563;1
1853;Female;46;165810;1
1854;Male;98;125181;0
1855;Female;84;56809;1
1856;Male;35;69419;1
1857;Female;78;70689;1
1858;Male;64;55011;1
1859;Female;98;87955;0
1860;Male;66;153660;0
1861;Male;32;104494;1
1862;Male;22;184443;1
1863;Female;17;150778;1
1864;Female;22;88729;1
1865;Male;9;151902;0
1866;Male;24;51604;0
1867;Female;8;157316;1
1868;Female;52;125508;1
1869;Male;62;186157;1
1870;Female;37;169381;0
1871;Male;68;110195;1
1872;Female;63;81199;1
1873;Female;15;58459;0
1874;Female;44;173682;1
1875;Male;18;162983;0
1876;Male;30;94480;0
1877;Female;69;168710;1
1878;Male;16;150193;1
1879;Female;71;91823;1
1880;Female;24;173091;1
1881;Male;57;102692;0
1882;Male;97;156812;0
1883;Male;68;51468;0
1884;Female;11;114071;0
1885;Female;63;155638;1
1886;Male;68;129971;1
1887;Female;69;104160;1
1888;Female;77;124995;0
1889;Female;73;180437;1
1890;Female;19;134644;1
1891;Female;1;130089;0
1892;Male;71;149318;1
1893;Male;6;125591;1
1894;Female;68;173047;0
1895;Female;39;61298;0
1896;Male;75;132993;1
1897;Female;65;72313;1
1898;Female;30;84885;1
1899;Male;46;126228;1
1900;Male;40;51199;1
1901;Female;40;54631;0
1902;Female;20;131810;1
1903;Male;88;138482;1
1904;Male;85;74081;1
1905;Male;94;112426;1
1906;Female;52;164038;1
1907;Female;68;53552;1
1908;Male;15;142147;1
1909;Male;4;180324;1
1910;Male;59;149067;1
1911;Male;32;184408;1
1912;Female;8;59116;1
1913;Female;92;174786;1
1914;Male;9;71076;1
1915;Female;41;56837;1
1916;Female;18;134752;1
1917;Female;78;112887;1
1918;Female;0;73128;1
1919;Female;11;152765;1
1920;Female;36;140637;1
1921;Male;46;137973;1
1922;Female;95;126791;1
1923;Female;97;75125;1
1924;Male;2;101718;1
1925;Female;94;69654;1
1926;Female;0;105935;1
1927;Male;3;74607;1
1928;Male;77;151985;1
1929;Male;70;76892;1
1930;Male;58;87602;1
1931;Male;72;182317;1
1932;Male;90;158280;1
1933;Female;23;59905;1
1934;Female;87;128153;1
1935;Male;64;142612;1
1936;Female;15;180163;1
1937;Female;14;68009;1
1938;Male;54;166183;1
1939;Male;76;132537;1
1940;Female;76;146308;1
1941;Female;52;63454;1
1942;Male;96;110519;1
1943;Female;55;66728;1
1944;Female;54;170638;1
1945;Male;19;129635;1
1946;Male;29;133587;1
1947;Male;96;126225;1
1948;Female;20;148776;1
1949;Female;91;142602;1
1950;Male;37;102413;1
1951;Male;42;68765;1
1952;Male;1;57522;1
1953;Female;58;149237;1
1954;Female;42;184844;1
1955;Female;48;131656;1
1956;Female;11;181026;1
1957;Male;59;101698;1
1958;Female;45;152560;1
1959;Male;73;142502;1
1960;Female;85;155432;1
1961;Female;70;108544;1
1962;Female;52;106530;1
1963;Male;70;124359;1
1964;Female;88;146970;1
1965;Male;61;182176;1
1966;Female;46;114435;1
1967;Male;65;134213;1
1968;Female;84;115580;1
1969;Female;76;124034;1
1970;Male;31;67894;1
1971;Male;55;107099;1
1972;Male;45;140263;1
1973;Male;98;104249;1
1974;Male;40;168821;1
1975;Female;14;153145;1
1976;Female;41;128960;1
1977;Male;60;127438;1
1978;Male;60;125968;1
1979;Male;84;104589;1
1980;Male;0;165321;1
1981;Female;10;86925;1
1982;Female;62;149797;1
1983;Male;33;137094;1
1984;Female;52;55395;1
1985;Female;2;153622;1
1986;Male;27;74050;1
1987;Female;4;68094;1
1988;Male;63;59244;1
1989;Female;54;118944;1
1990;Female;47;75293;1
1991;Female;30;166983;1
1992;Female;97;129444;1
1993;Male;94;181183;1
1994;Female;64;175254;1
1995;Female;19;54121;1
1996;Female;71;184387;1
1997;Female;91;73158;1
1998;Male;87;90961;1
1999;Male;77;182109;1
2000;Male;90;110610;1
